{"train/loss": 0.0396, "train/learning_rate": 0.0, "train/rewards/chosen": -0.9026113748550415, "train/rewards/rejected": -5.96149206161499, "train/rewards/accuracies": 1.0, "train/rewards/margins": 5.05888032913208, "train/logps/rejected": -248.24362182617188, "train/logps/chosen": -133.87730407714844, "train/logits/rejected": -0.5734261274337769, "train/logits/chosen": -0.28837311267852783, "train/epoch": 0.9992144540455616, "train/global_step": 795, "_timestamp": 1718015352.7967672, "_runtime": 8394.63148522377, "_step": 802, "eval/loss": 0.046146467328071594, "eval/runtime": 35.9726, "eval/samples_per_second": 3.586, "eval/steps_per_second": 1.807, "eval/rewards/chosen": -1.373345971107483, "eval/rewards/rejected": -7.395729064941406, "eval/rewards/accuracies": 0.9923076629638672, "eval/rewards/margins": 6.022383689880371, "eval/logps/rejected": -301.91473388671875, "eval/logps/chosen": -260.42169189453125, "eval/logits/rejected": -1.0184001922607422, "eval/logits/chosen": -0.9759513139724731, "train_runtime": 8366.4201, "train_samples_per_second": 1.522, "train_steps_per_second": 0.095, "total_flos": 0.0, "train_loss": 0.11792082468856056, "_wandb": {"runtime": 8416}}