{"train/loss": 2.8834, "train/learning_rate": 0.0, "train/rewards/chosen": -0.10591094195842743, "train/rewards/rejected": -0.09268779307603836, "train/rewards/accuracies": 0.125, "train/rewards/margins": -0.013223140500485897, "train/logps/rejected": -0.9268779158592224, "train/logps/chosen": -1.0591093301773071, "train/logits/rejected": -0.7370210886001587, "train/logits/chosen": -0.6367273926734924, "train/nll_loss": 2.799746036529541, "train/log_odds_ratio": -0.836284339427948, "train/log_odds_chosen": -0.22948986291885376, "train/epoch": 0.9992144540455616, "train/global_step": 795, "_timestamp": 1718024060.1039743, "_runtime": 7047.131615400314, "_step": 802, "eval/loss": 4.085923671722412, "eval/runtime": 22.5083, "eval/samples_per_second": 5.731, "eval/steps_per_second": 2.888, "eval/rewards/chosen": -0.10547087341547012, "eval/rewards/rejected": -0.09493879973888397, "eval/rewards/accuracies": 0.36153846979141235, "eval/rewards/margins": -0.010532074607908726, "eval/logps/rejected": -0.9493880867958069, "eval/logps/chosen": -1.0547086000442505, "eval/logits/rejected": -0.9856178760528564, "eval/logits/chosen": -0.9216945767402649, "eval/nll_loss": 3.9853267669677734, "eval/log_odds_ratio": -0.8481782674789429, "eval/log_odds_chosen": -0.05873101204633713, "train_runtime": 7014.0698, "train_samples_per_second": 1.815, "train_steps_per_second": 0.113, "total_flos": 0.0, "train_loss": 3.5521644217413177, "_wandb": {"runtime": 7069}}